Station Name;Price per day;distance;
Abries;0;0;
Aiguilles;0;0;
Ancelle;0;0;
Arvieux;0;0;
Auron;0;0;
Beuil Les Launes;0;0;
Casterino;0;0;
Ceillac;0;0;
Centre Nordique du Boreon;0;0;
Cervieres;0;0;
Chabanon-Selonnet;0;0;
Chaillol;0;0;
Col du Fanget;0;0;
Crevoux;0;0;
Estenc Entraunes;0;0;
Gap Bayard;0;0;
Gap Ceuze 2000;0;0;
Isola 2000;0;0;
L'Audibergue - La Mouliere;0;0;
La Chapelle en Valgaudemar;0;0;
La Colmiane - Valdeblore;0;0;
La Grave - La Meije;0;0;
Larche - Espace Nordique Haute Ubaye;0;0;
Laye en Champsaur;0;0;
Le Chazelet;0;0;
Le Grand Puy;0;0;
Les Orres;0;0;
Molines-en-Queyras;0;0;
Montagne de Lure;0;0;
Montclar;0;0;
Montgenevre - Vialattea;0;0;
Nevache;0;0;
Orcieres Merlette 1850;0;0;
Peira Cava;0;0;
Pelvoux Vallouise - Pays des Ecrins;0;0;
Pra-Loup;0;0;
Puy Saint-Vincent;0;0;
Ratery 1700;0;0;
Risoul - Domaine de la Foret Blanche;0;0;
Ristolas;0;0;
Roubion Les Buisses;0;0;
Reallon;0;0;
SMGA - Greolieres les Neiges;0;0;
Saint Dalmas le Selvage;0;0;
Saint Paul-sur-Ubaye - Maljasset;0;0;
Saint Veran;0;0;
Saint-Leger-les-Melezes;0;0;
Sainte-Anne;0;0;
Sauze-Super Sauze;0;0;
Serre Chevalier Vallee;0;0;
Serre-Eyraud;0;0;
Solheilhas - Vauplane;0;0;
Super Devoluy;0;0;
Turini Camp d'Argent;0;0;
Val Pelens;0;0;
Val d'Allos - La Foux;0;0;
Val d'Allos - Le Seignus;0;0;
Val-des-Pres / Les Alberts;0;0;
Valberg;0;0;
Vars - Domaine de la Foret Blanche;0;0;
Villar d'Arene;0;0;
Villard St Pancrace;0;0;
